F-1,F-B,SEN,SPE,BAC,ACC,PPV,NPV
0.69751,0.62231,0.58058,0.93789,0.75923,0.78613,0.87343,0.7518
F-1,F-B,SEN,SPE,BAC,ACC,PPV,NPV
0.76097,0.70954,0.67895,0.92213,0.80054,0.81884,0.86553,0.79552
F-1,F-B,SEN,SPE,BAC,ACC,PPV,NPV
0.72161,0.64786,0.60653,0.94499,0.77576,0.80124,0.8906,0.76488
F-1,F-B,SEN,SPE,BAC,ACC,PPV,NPV
0.74763,0.69309,0.66095,0.92089,0.79092,0.81049,0.86049,0.78628
F-1,F-B,SEN,SPE,BAC,ACC,PPV,NPV
0.72464,0.65739,0.61909,0.93387,0.77648,0.80018,0.8736,0.76857
