F-1,F-B,SEN,SPE,BAC,ACC,PPV,NPV
0.71546,0.62969,0.58309,0.96539,0.77424,0.80302,0.92558,0.75825
F-1,F-B,SEN,SPE,BAC,ACC,PPV,NPV
0.74047,0.66711,0.62578,0.95241,0.7891,0.81369,0.90661,0.77515
F-1,F-B,SEN,SPE,BAC,ACC,PPV,NPV
0.77451,0.7058,0.66639,0.95983,0.81311,0.8352,0.92451,0.7958
F-1,F-B,SEN,SPE,BAC,ACC,PPV,NPV
0.73744,0.6647,0.62369,0.94994,0.78682,0.81138,0.90194,0.77372
F-1,F-B,SEN,SPE,BAC,ACC,PPV,NPV
0.73715,0.6731,0.63625,0.93356,0.7849,0.80729,0.87608,0.77661
