F-1,F-B,SEN,SPE,BAC,ACC,PPV,NPV
0.77875,0.7089,0.6689,0.96384,0.81637,0.83858,0.93178,0.7977
F-1,F-B,SEN,SPE,BAC,ACC,PPV,NPV
0.7642,0.70485,0.67015,0.9382,0.80418,0.82436,0.88895,0.79393
F-1,F-B,SEN,SPE,BAC,ACC,PPV,NPV
0.66753,0.58348,0.5383,0.94499,0.74165,0.77227,0.87842,0.73492
F-1,F-B,SEN,SPE,BAC,ACC,PPV,NPV
0.76844,0.72008,0.69108,0.92058,0.80583,0.82311,0.8653,0.80145
F-1,F-B,SEN,SPE,BAC,ACC,PPV,NPV
0.70685,0.62263,0.57681,0.95921,0.76801,0.7968,0.91258,0.75431
