F-1,F-B,SEN,SPE,BAC,ACC,PPV,NPV
0.72343,0.6447,0.60109,0.95519,0.77814,0.8048,0.90829,0.76434
F-1,F-B,SEN,SPE,BAC,ACC,PPV,NPV
0.78147,0.73664,0.7095,0.92151,0.8155,0.83147,0.86968,0.81121
F-1,F-B,SEN,SPE,BAC,ACC,PPV,NPV
0.71841,0.65194,0.61406,0.92954,0.7718,0.79556,0.86549,0.76539
F-1,F-B,SEN,SPE,BAC,ACC,PPV,NPV
0.62593,0.52639,0.47593,0.96693,0.72143,0.7584,0.91399,0.71422
F-1,F-B,SEN,SPE,BAC,ACC,PPV,NPV
0.57969,0.47505,0.42403,0.97126,0.69764,0.73884,0.91591,0.69551
