F-1,F-B,SEN,SPE,BAC,ACC,PPV,NPV
0.73798,0.66001,0.61658,0.95983,0.7882,0.81404,0.9189,0.77225
F-1,F-B,SEN,SPE,BAC,ACC,PPV,NPV
0.78089,0.73099,0.70113,0.93016,0.81565,0.83289,0.88112,0.80827
F-1,F-B,SEN,SPE,BAC,ACC,PPV,NPV
0.74378,0.66819,0.62578,0.95797,0.79188,0.81689,0.91662,0.77616
F-1,F-B,SEN,SPE,BAC,ACC,PPV,NPV
0.76265,0.73197,0.71285,0.88443,0.79864,0.81156,0.81993,0.80665
F-1,F-B,SEN,SPE,BAC,ACC,PPV,NPV
0.74304,0.67166,0.63123,0.94994,0.79058,0.81458,0.90299,0.77724
