F-1,F-B,SEN,SPE,BAC,ACC,PPV,NPV
0.6945,0.605,0.55714,0.96508,0.76111,0.79182,0.92175,0.74695
F-1,F-B,SEN,SPE,BAC,ACC,PPV,NPV
0.73278,0.6629,0.62327,0.94252,0.7829,0.80693,0.88896,0.77215
F-1,F-B,SEN,SPE,BAC,ACC,PPV,NPV
0.59838,0.48763,0.43407,0.98764,0.71086,0.75253,0.96286,0.70273
F-1,F-B,SEN,SPE,BAC,ACC,PPV,NPV
0.72576,0.64573,0.60151,0.95859,0.78005,0.80693,0.9147,0.76517
F-1,F-B,SEN,SPE,BAC,ACC,PPV,NPV
0.73731,0.66836,0.62913,0.94283,0.78598,0.8096,0.8904,0.77496
