F-1,F-B,SEN,SPE,BAC,ACC,PPV,NPV
0.72541,0.65962,0.62202,0.9314,0.77671,0.8,0.87002,0.76947
F-1,F-B,SEN,SPE,BAC,ACC,PPV,NPV
0.64741,0.55147,0.50188,0.96415,0.73302,0.76782,0.91179,0.7239
F-1,F-B,SEN,SPE,BAC,ACC,PPV,NPV
0.65826,0.5628,0.51319,0.96601,0.7396,0.77369,0.91766,0.72884
F-1,F-B,SEN,SPE,BAC,ACC,PPV,NPV
0.67296,0.57374,0.52239,0.97775,0.75007,0.78436,0.94545,0.73496
F-1,F-B,SEN,SPE,BAC,ACC,PPV,NPV
0.7485,0.70434,0.67769,0.90173,0.78971,0.80658,0.83583,0.79121
