F-1,F-B,SEN,SPE,BAC,ACC,PPV,NPV
0.75103,0.68504,0.64713,0.94376,0.79545,0.81778,0.89468,0.78368
F-1,F-B,SEN,SPE,BAC,ACC,PPV,NPV
0.73807,0.66348,0.6216,0.95365,0.78762,0.81262,0.90826,0.77343
F-1,F-B,SEN,SPE,BAC,ACC,PPV,NPV
0.75298,0.68597,0.64755,0.94654,0.79705,0.81956,0.89942,0.78438
F-1,F-B,SEN,SPE,BAC,ACC,PPV,NPV
0.75345,0.6881,0.65048,0.94376,0.79712,0.8192,0.89516,0.78529
F-1,F-B,SEN,SPE,BAC,ACC,PPV,NPV
0.77202,0.71804,0.68606,0.93263,0.80935,0.82791,0.88261,0.80096
