F-1,F-B,SEN,SPE,BAC,ACC,PPV,NPV
0.7265,0.64827,0.60486,0.9555,0.78018,0.80658,0.90938,0.76611
F-1,F-B,SEN,SPE,BAC,ACC,PPV,NPV
0.71803,0.64009,0.5969,0.95148,0.77419,0.80089,0.90082,0.76175
F-1,F-B,SEN,SPE,BAC,ACC,PPV,NPV
0.72714,0.65479,0.61406,0.94468,0.77937,0.80427,0.89125,0.76828
F-1,F-B,SEN,SPE,BAC,ACC,PPV,NPV
0.71281,0.6341,0.59062,0.95087,0.77074,0.79787,0.89873,0.75882
F-1,F-B,SEN,SPE,BAC,ACC,PPV,NPV
0.74976,0.69216,0.65843,0.92769,0.79306,0.81333,0.8705,0.78628
