F-1,F-B,SEN,SPE,BAC,ACC,PPV,NPV
0.79784,0.74458,0.71285,0.9453,0.82908,0.84658,0.90585,0.81682
F-1,F-B,SEN,SPE,BAC,ACC,PPV,NPV
0.68214,0.60296,0.55965,0.94005,0.74985,0.77849,0.87329,0.74304
F-1,F-B,SEN,SPE,BAC,ACC,PPV,NPV
0.69194,0.61794,0.57681,0.93325,0.75503,0.78187,0.86449,0.74919
F-1,F-B,SEN,SPE,BAC,ACC,PPV,NPV
0.7638,0.71354,0.68355,0.92151,0.80253,0.82044,0.86539,0.79775
