F-1,F-B,SEN,SPE,BAC,ACC,PPV,NPV
0.70691,0.66655,0.64211,0.87114,0.75662,0.77387,0.78626,0.76728
F-1,F-B,SEN,SPE,BAC,ACC,PPV,NPV
0.67485,0.61126,0.57514,0.90451,0.73982,0.76462,0.8164,0.74252
F-1,F-B,SEN,SPE,BAC,ACC,PPV,NPV
0.67617,0.61875,0.5856,0.89184,0.73872,0.76178,0.79989,0.74458
F-1,F-B,SEN,SPE,BAC,ACC,PPV,NPV
0.69033,0.64547,0.61867,0.87176,0.74521,0.76427,0.78077,0.75589
F-1,F-B,SEN,SPE,BAC,ACC,PPV,NPV
0.71306,0.67925,0.65843,0.86094,0.75969,0.77493,0.77756,0.77346
