F-1,F-B,SEN,SPE,BAC,ACC,PPV,NPV
0.75498,0.69948,0.66681,0.92645,0.79663,0.81618,0.87002,0.7902
F-1,F-B,SEN,SPE,BAC,ACC,PPV,NPV
0.80121,0.75177,0.72206,0.94067,0.83136,0.84782,0.89984,0.82093
F-1,F-B,SEN,SPE,BAC,ACC,PPV,NPV
0.7428,0.7042,0.68062,0.88782,0.78422,0.79982,0.8175,0.79015
F-1,F-B,SEN,SPE,BAC,ACC,PPV,NPV
0.76955,0.72374,0.69611,0.91656,0.80634,0.82293,0.86032,0.80336
F-1,F-B,SEN,SPE,BAC,ACC,PPV,NPV
0.77296,0.71892,0.6869,0.93325,0.81007,0.82862,0.88368,0.80149
