F-1,F-B,SEN,SPE,BAC,ACC,PPV,NPV
0.86357,0.83689,0.82001,0.94159,0.8808,0.88996,0.91201,0.87633
F-1,F-B,SEN,SPE,BAC,ACC,PPV,NPV
0.87349,0.85908,0.84973,0.92923,0.88948,0.89547,0.89863,0.89335
F-1,F-B,SEN,SPE,BAC,ACC,PPV,NPV
0.82044,0.78264,0.75931,0.93232,0.84582,0.85884,0.89228,0.83992
F-1,F-B,SEN,SPE,BAC,ACC,PPV,NPV
0.84248,0.80613,0.78359,0.94345,0.86352,0.87556,0.91095,0.85518
F-1,F-B,SEN,SPE,BAC,ACC,PPV,NPV
0.81188,0.76233,0.73252,0.94685,0.83969,0.85582,0.91051,0.82744
