F-1,F-B,SEN,SPE,BAC,ACC,PPV,NPV
0.88345,0.8564,0.83926,0.95519,0.89723,0.90596,0.93256,0.8895
F-1,F-B,SEN,SPE,BAC,ACC,PPV,NPV
0.87703,0.85189,0.83591,0.94808,0.892,0.90044,0.9224,0.88671
F-1,F-B,SEN,SPE,BAC,ACC,PPV,NPV
0.86388,0.83255,0.81289,0.94901,0.88095,0.8912,0.92169,0.87294
F-1,F-B,SEN,SPE,BAC,ACC,PPV,NPV
0.86165,0.83852,0.82378,0.9348,0.87929,0.88764,0.90317,0.87783
F-1,F-B,SEN,SPE,BAC,ACC,PPV,NPV
0.87731,0.869,0.86354,0.92244,0.89299,0.89742,0.89153,0.90154
