F-1,F-B,SEN,SPE,BAC,ACC,PPV,NPV
0.74006,0.6624,0.61909,0.96014,0.78961,0.81529,0.91978,0.77346
F-1,F-B,SEN,SPE,BAC,ACC,PPV,NPV
0.76916,0.70653,0.67015,0.94654,0.80835,0.82916,0.90248,0.79538
F-1,F-B,SEN,SPE,BAC,ACC,PPV,NPV
0.79005,0.76191,0.74424,0.89679,0.82052,0.832,0.84186,0.82607
F-1,F-B,SEN,SPE,BAC,ACC,PPV,NPV
0.70704,0.61916,0.57179,0.96632,0.76905,0.79876,0.9261,0.75349
F-1,F-B,SEN,SPE,BAC,ACC,PPV,NPV
0.73978,0.66374,0.62118,0.95705,0.78911,0.8144,0.91436,0.77386
