F-1,F-B,SEN,SPE,BAC,ACC,PPV,NPV
0.7112,0.64419,0.60611,0.92738,0.76675,0.79093,0.86037,0.76129
F-1,F-B,SEN,SPE,BAC,ACC,PPV,NPV
0.72888,0.6602,0.62118,0.9385,0.77984,0.80373,0.88176,0.77042
F-1,F-B,SEN,SPE,BAC,ACC,PPV,NPV
0.70564,0.61991,0.57346,0.96168,0.76757,0.7968,0.917,0.75333
F-1,F-B,SEN,SPE,BAC,ACC,PPV,NPV
0.70509,0.63393,0.59397,0.93294,0.76346,0.78898,0.86736,0.75683
F-1,F-B,SEN,SPE,BAC,ACC,PPV,NPV
0.68685,0.59138,0.54123,0.97435,0.75779,0.7904,0.93968,0.74206
