F-1,F-B,SEN,SPE,BAC,ACC,PPV,NPV
0.71453,0.64812,0.6103,0.92769,0.76899,0.79289,0.8617,0.76329
F-1,F-B,SEN,SPE,BAC,ACC,PPV,NPV
0.6783,0.59738,0.55337,0.94221,0.74779,0.77707,0.87608,0.74077
F-1,F-B,SEN,SPE,BAC,ACC,PPV,NPV
0.73998,0.69017,0.66053,0.90791,0.78422,0.80284,0.84115,0.78368
F-1,F-B,SEN,SPE,BAC,ACC,PPV,NPV
0.70446,0.63487,0.59565,0.92954,0.76259,0.78773,0.8619,0.75692
F-1,F-B,SEN,SPE,BAC,ACC,PPV,NPV
0.69895,0.63675,0.60109,0.91224,0.75666,0.78009,0.83488,0.75595
