F-1,F-B,SEN,SPE,BAC,ACC,PPV,NPV
0.72704,0.64845,0.60486,0.95643,0.78064,0.80711,0.9111,0.76628
F-1,F-B,SEN,SPE,BAC,ACC,PPV,NPV
0.75031,0.68141,0.64211,0.9487,0.79541,0.81849,0.90235,0.78217
F-1,F-B,SEN,SPE,BAC,ACC,PPV,NPV
0.74485,0.67054,0.62871,0.95612,0.79242,0.81707,0.91363,0.77719
F-1,F-B,SEN,SPE,BAC,ACC,PPV,NPV
0.73161,0.65336,0.60988,0.95766,0.78377,0.80996,0.91405,0.76879
F-1,F-B,SEN,SPE,BAC,ACC,PPV,NPV
0.76683,0.70407,0.66764,0.94561,0.80663,0.82756,0.90062,0.79398
